No;Parasite name;host-parasite couple name;confrank;pTM score;ipTM score;plDDT score
1;Tcruzi;ENSP00000215956_XP_815664.1-PF00467;0,2978;0,701;0,197;75,957
2;Tcruzi;ENSP00000215956_XP_815664.1-PF01777;0,313;0,665;0,225;72,473
3;Tcruzi;ENSP00000230050_XP_815664.1-PF00467;0,3448;0,64;0,271;71,079
4;Tcruzi;ENSP00000230050_XP_815664.1-PF01777;0,3806;0,683;0,305;73,974
5;Tcruzi;ENSP00000233946_XP_816718.1;0,4052;0,81;0,304;84,498
6;Tcruzi;ENSP00000234310_XP_810491.1;0,5556;0,83;0,487;85,176
7;Tcruzi;ENSP00000252543_XP_815664.1;0,2902;0,547;0,226;76,778
8;Tcruzi;ENSP00000253788-PF00467_XP_815664.1-PF01777;0,5666;0,477;0,589;65,716
9;Tcruzi;ENSP00000253788-PF01777_XP_815664.1-PF00467;0,665;0,669;0,664;74,882
10;Tcruzi;ENSP00000265100XP_815664.1-PF01777;0,569;0,473;0,593;66,336
11;Tcruzi;ENSP00000265100_XP_815664.1-PF00467;0,649;0,649;0,649;79,205
12;Tcruzi;ENSP00000272298_XP_810491.1;0,451;0,795;0,365;89,24
13;Tcruzi;ENSP00000272418_XP_803946.1;0,2806;0,615;0,197;80,04
14;Tcruzi;ENSP00000274606_XP_815664.1-PF00467;0,2966;0,699;0,196;77,589
15;Tcruzi;ENSP00000274606_XP_815664.1-PF01777;0,2744;0,644;0,182;73,675
16;Tcruzi;ENSP00000291295_XP_810491.1;0,451;0,795;0,365;89,24
17;Tcruzi;ENSP00000293842_XP_815664.1-PF00467;0,6606;0,659;0,661;80,15
18;Tcruzi;ENSP00000293842_XP_815664.1-PF01777;0,4762;0,429;0,488;69,003
19;Tcruzi;ENSP00000296581_XP_808372.1;0,8698;0,877;0,868;94,774
20;Tcruzi;ENSP00000300413_XP_808372.1;0,7732;0,802;0,766;91,571
21;Tcruzi;ENSP00000301838_XP_816718.1;0,2596;0,73;0,142;86,867
22;Tcruzi;ENSP00000302896_XP_815664.1;0,3;0,612;0,222;74,163
23;Tcruzi;ENSP00000306223_XP_808372.1;0,3724;0,614;0,312;84,481
24;Tcruzi;ENSP00000309830_XP_815664.1-PF00467;0,296;0,688;0,198;88,248
25;Tcruzi;ENSP00000310596_XP_808372.1;0,3262;0,543;0,272;82,609
26;Tcruzi;ENSP00000315299_XP_810491.1;0,5522;0,817;0,486;87,082
27;Tcruzi;ENSP00000318646_XP_803946.1;0,757;0,817;0,742;93,002
28;Tcruzi;ENSP00000319341_XP_808372.1;0,6554;0,753;0,631;86,578
29;Tcruzi;ENSP00000337459_XP_810491.1;0,3146;0,725;0,212;89,169
30;Tcruzi;ENSP00000341885-PF00333_XP_803946.1;0,3266;0,621;0,253;75,877
31;Tcruzi;ENSP00000341885-PF03719_XP_803946.1;0,259;0,591;0,176;78,086
32;Tcruzi;ENSP00000342374_XP_808372.1;0,4958;0,639;0,46;81,175
33;Tcruzi;ENSP00000345156_XP_815664.1-PF00467;0,7124;0,674;0,722;87,967
34;Tcruzi;ENSP00000345957_XP_803946.1;0,2612;0,614;0,173;77,415
35;Tcruzi;ENSP00000349467_XP_810491.1;0,4578;0,797;0,373;89,39
36;Tcruzi;ENSP00000355315_XP_815664.1_PF00467;0,199;0,331;0,166;57,195
37;Tcruzi;ENSP00000356156_XP_810491.1;0,6884;0,502;0,735;61,656
38;Tcruzi;ENSP00000361076_XP_815664.1-PF00467;0,2598;0,627;0,168;69,192
39;Tcruzi;ENSP00000361076_XP_815664.1-PF01777;0,3764;0,626;0,314;67,757
40;Tcruzi;ENSP00000363018_XP_815664.1-PF00467;0,3986;0,765;0,307;83,275
41;Tcruzi;ENSP00000363018_XP_815664.1-PF01777;0,294;0,714;0,189;79,713
42;Tcruzi;ENSP00000369689_XP_810491.1;0,329;0,749;0,224;87,816
43;Tcruzi;ENSP00000378160_XP_815664.1-PF00467;0,6464;0,572;0,665;83,958
44;Tcruzi;ENSP00000378160_XP_815664.1-PF01777;0,1758;0,459;0,105;72,29
45;Tcruzi;ENSP00000380349_XP_816718.1;0,8;0,884;0,779;88,602
46;Tcruzi;ENSP00000388107-PF01020_XP_815664.1;0,2624;0,516;0,199;73,527
47;Tcruzi;ENSP00000412324_XP_810491.1;0,2654;0,659;0,167;91,119
48;Tcruzi;ENSP00000412566_XP_808372.1;0,383;0,583;0,333;73,111
49;Tcruzi;ENSP00000419449_XP_803946.1;0,5252;0,734;0,473;87,554
50;Tcruzi;ENSP00000433919_XP_808372.1;0,777;0,705;0,795;78,714
51;Tcruzi;ENSP00000435777_XP_803946.1;0,2594;0,617;0,17;73,963
52;Tcruzi;ENSP00000460871_XP_815664.1-PF00467;0,3706;0,709;0,286;78,42
53;Tcruzi;ENSP00000460871_XP_815664.1-PF01777;0,3554;0,689;0,272;75,591
54;Tcruzi;ENSP00000472998_XP_808372.1;0,206;0,37;0,165;57,801
55;P_falciparum;ENSP00000227378_PFI0875w;0,7474;0,765;0,743;84,798
56;P_falciparum;ENSP00000249356_PFI0875w;0,9086;0,819;0,931;90,755
57;P_falciparum;ENSP00000265028_PFI0875w;0,8906;0,845;0,902;91,506
58;P_falciparum;ENSP00000277865-PF00208_PF14_0286;0,268;0,564;0,194;79,275
59;P_falciparum;ENSP00000277865-PF02812_PF14_0286;0,8714;0,917;0,86;95,266
60;P_falciparum;ENSP00000297185_PFI0875w;0,6584;0,712;0,645;83,694
61;P_falciparum;ENSP00000302961_PFI0875w;0,7794;0,793;0,776;85,545
62;P_falciparum;ENSP00000310219_PFI0875w;0,7064;0,736;0,699;83,726
63;P_falciparum;ENSP00000318687_PFI0875w;0,776;0,8;0,77;85,529
64;P_falciparum;ENSP00000327589-PF00208_PF14_0286;0,343;0,623;0,273;80,695
65;P_falciparum;ENSP00000327589-PF02812_PF14_0286;0,87;0,914;0,859;95,109
66;P_falciparum;ENSP00000343885_PFC0710w.2;0,2532;0,562;0,176;88,642
67;P_falciparum;ENSP00000344818_PFC0510w;0,6664;0,704;0,657;82,049
68;P_falciparum;ENSP00000357998_PFI0875w;0,9028;0,818;0,924;90,85
69;P_falciparum;ENSP00000362329_PFC0710w.2;0,4586;0,677;0,404;89,66
70;P_falciparum;ENSP00000364802_PFI0875w;0,7012;0,742;0,691;84,652
71;P_falciparum;ENSP00000365991_PFI0875w;0,9034;0,821;0,924;90,704
72;P_falciparum;ENSP00000366179_PFI0875w;0,903;0,823;0,923;91,161
73;P_falciparum;ENSP00000367623_PFI0875w;0,7166;0,747;0,709;85,863
74;P_falciparum;ENSP00000384144_PFI0875w;0,7412;0,762;0,736;82,105
75;P_falciparum;ENSP00000388107_PFC0510w;0,6716;0,706;0,663;82,131
76;Chominis;ENSP00000300289-PF00085_XP_667694.1-PF00085;0,2238;0,543;0,144;88,961
77;Chominis;ENSP00000300289-PF00085_XP_667694.1-PF13848;0,4458;0,665;0,391;86,168
78;Chominis;ENSP00000300289-PF13848_XP_667694.1-PF00085;0,3708;0,686;0,292;90,471
79;Chominis;ENSP00000300289-PF13848_XP_667694.1-PF13848;0,6876;0,694;0,686;81,906
80;Chominis;ENSP00000327801_XP_667694.1-PF00085;0,6068;0,746;0,572;92,559
81;Chominis;ENSP00000327801_XP_667694.1-PF13848;0,3634;0,513;0,326;76,758
82;Glamblia ;ENSP00000357981-PF00112_XP_001704582.1;0,2974;0,587;0,225;93,482
83;Glamblia ;ENSP00000327801_XP_001708626.1;0,34;0,664;0,259;92,124
84;Glamblia ;ENSP00000357981-PF00112_XP_001704877.1;0,431;0,659;0,374;93,818
85;Glamblia ;ENSP00000357981-PF00112_XP_001706373.1;0,387;0,631;0,326;92,361
86;Glamblia ;ENSP00000357981-PF00112_XP_001708083.1;0,5882;0,753;0,547;94,924
87;Glamblia ;ENSP00000357981-PF00112_XP_001709033.1;0,4976;0,704;0,446;92,802
88;Glamblia ;ENSP00000357981-PF028246_XP_001709033.1;0,8868;0,914;0,88;93,637
89;Glamblia ;ENSP00000357981-PF08246_XP_001704582.1;0,8808;0,92;0,871;96,115
90;Glamblia ;ENSP00000357981-PF08246_XP_001704877.1;0,8942;0,923;0,887;95,651
91;Glamblia ;ENSP00000357981-PF08246_XP_001706373.1;0,904;0,928;0,898;96,313
92;Glamblia ;ENSP00000357981-PF08246_XP_001708083.1;0,8972;0,922;0,891;96,048
93;Lmexicana;ENSP00000227378_XP_003876961.1;0,7498;0,789;0,74;86,083
94;Lmexicana;ENSP00000244007_XP_003872412.1-PF00454;0,2198;0,647;0,113;80,929
95;Lmexicana;ENSP00000244007_XP_003872412.1-PF00613;0,6252;0,746;0,595;76,638
96;Lmexicana;ENSP00000246957_1-PF00183_XP_003872486.1-PF00183;0,629;0,693;0,613;80,795
97;Lmexicana;ENSP00000246957_1_XP_003872486.1-PF13589;0,583;0,771;0,536;85,452
98;Lmexicana;ENSP00000264864_XP_003872412.1-PF00613;0,444;0,6;0,405;79,948
99;Lmexicana;ENSP00000264864_XP_003872412.1;0,4156;0,582;0,374;81,598
100;Lmexicana;ENSP00000272317_XP_003876321.1;0,3616;0,512;0,324;83,386
101;Lmexicana;ENSP00000297185_XP_003876961.1;0,7152;0,756;0,705;84,232
102;Lmexicana;ENSP00000302961_XP_003876961.1;0,762;0,786;0,756;84,115
103;Lmexicana;ENSP00000304697_XP_003876321.1;0,4356;0,55;0,407;84,899
104;Lmexicana;ENSP00000310219_XP_003876961.1;0,6936;0,736;0,683;83,376
105;Lmexicana;ENSP00000322419_XP_003876321.1;0,3688;0,424;0,355;59,736
106;Lmexicana;ENSP0000032587-PF02518_XP_003872486.1-PF13589;0,226;0,514;0,154;73,002
107;Lmexicana;ENSP00000325875-PF00183_XP_003872486.1-PF00183;0,7734;0,791;0,769;81,088
108;Lmexicana;ENSP00000325875-PF02518_XP_003872486.1-PF00183;0,8454;0,723;0,876;84,061
109;Lmexicana;ENSP00000335153-PF00183_XP_003872486.1-PF00183;0,7814;0,795;0,778;80,871
110;Lmexicana;ENSP00000335153-PF02518_XP_003872486.1-PF00183;0,8414;0,727;0,87;84,353
111;Lmexicana;ENSP00000335153-PF02518_XP_003872486.1-PF13589;0,4826;0,641;0,443;77,765
112;Lmexicana;ENSP00000335304-PF00198_XP_003874617.1-PF00198;0,7426;0,825;0,722;89,974
113;Lmexicana;ENSP00000335304-PF00364_XP_003874617.1-PF00364;0,4952;0,516;0,49;73,513
114;Lmexicana;ENSP00000339795_XP_003876321.1-PF08079;0,2706;0,461;0,223;77,939
115;Lmexicana;ENSP00000344818_XP_003876321.1;0,4166;0,547;0,384;85,251
116;Lmexicana;ENSP00000346001_XP_003876321.1;0,2592;0,692;0,151;84,679
117;Lmexicana;ENSP00000346037_XP_003876321.1;0,1732;0,334;0,133;47,301
118;Lmexicana;ENSP00000352336_XP_003872412.1-PF00454 ;0,214;0,658;0,103;80,907
119;Lmexicana;ENSP00000352336_XP_003872412.1-PF00613;0,2454;0,559;0,167;83,035
120;Lmexicana;ENSP00000357998_XP_003876961.1;0,884;0,828;0,898;90,12
121;Lmexicana;ENSP00000359665_XP_003872412.1-PF00613;0,6616;0,764;0,636;80,145
122;Lmexicana;ENSP00000359665_XP_003872412.1;0,251;0,551;0,176;82,046
123;Lmexicana;ENSP00000364802_XP_003876961.1;0,6904;0,74;0,678;83,612
124;Lmexicana;ENSP00000365991_XP_003876961.1;0,887;0,803;0,908;89,233
125;Lmexicana;ENSP00000369134_XP_003874617.1-PF00198;0,2118;0,655;0,101;90,952
126;Lmexicana;ENSP00000375730_XP_003876321.1-PF08079;0,1878;0,575;0,091;87,008
127;Lmexicana;ENSP00000384144_XP_003876961.1;0,782;0,794;0,779;84,036
128;Linfantum;ENSP00000196551_XP_001463268.1;0,4882;0,641;0,45;77,549
129;Linfantum;ENSP00000216727_XP_001469711.1;0,3202;0,549;0,263;67,699
130;Linfantum;ENSP00000221801_XP_001463268.1;0,444;0,792;0,357;87,084
131;Linfantum;ENSP00000227378_XP_001470161.1;0,759;0,795;0,75;86,466
132;Linfantum;ENSP00000249356_XP_001470161.1;0,884;0,812;0,902;89,063
133;Linfantum;ENSP00000252543_XP_001463268.1;0,5198;0,587;0,503;82,275
134;Linfantum;ENSP00000260443_XP_001463268.1;0,1494;0,491;0,064;82,202
135;Linfantum;ENSP00000262225_XP_001469004.1;0,6274;0,649;0,622;80,774
136;Linfantum;ENSP00000265100_XP_001463268.1;0,3306;0,689;0,241;80,609
137;Linfantum;ENSP00000300291_XP_001469711.1;0,3678;0,747;0,273;80,072
138;Linfantum;ENSP00000309334_XP_001463268.1;0,8436;0,774;0,861;84,571
139;Linfantum;ENSP00000339095_XP_001463268.1;0,2782;0,643;0,187;83,127
140;Linfantum;ENSP00000335321_XP_001469711.1;0,7076;0,418;0,78;57,285
141;Linfantum;ENSP00000341730_XP_001463268.1;0,1848;0,516;0,102;74,649
142;Linfantum;ENSP00000345156_XP_001463268.1;0,2334;0,519;0,162;71,215
143;Linfantum;ENSP00000346015_XP_001463268.1;0,1542;0,383;0,097;70,892
144;Linfantum;ENSP00000360525_XP_001469711.1;0,3168;0,676;0,227;74,594
145;Linfantum;ENSP00000361626_XP_001469711.1;0,4078;0,579;0,365;70,667
146;Linfantum;ENSP00000363018_XP_001463268.1;0,4916;0,662;0,449;81,333
147;Linfantum;ENSP00000378160_XP_001463268.1;0,502;0,626;0,471;86,463
148;Linfantum;ENSP00000418082_XP_001463268.1;0,5198;0,579;0,505;83,322
149;Ldonovani;ENSP00000292123_XP_003862748.1;0,4016;0,732;0,319;82,466
150;Ldonovani;ENSP00000300291_XP_003865434.1;0,3778;0,757;0,283;84,065
151;Ldonovani;ENSP00000313199_XP_003865434.1;0,3446;0,411;0,328;60,352
152;Ldonovani;ENSP00000335321_XP_003865434.1;0,7434;0,429;0,822;57,293
153;Ldonovani;ENSP00000352336_XP_003862574.1;0,185;0,541;0,096;78,541
154;Ldonovani;ENSP00000360525_XP_003865434.1;0,3546;0,701;0,268;80,311
155;Ldonovani;ENSP00000361626_XP_003865434.1;0,7024;0,752;0,69;83,211
156;Ldonovani;ENSP00000366179_XP_003862230.1;0,8604;0,806;0,874;89,038
157;Ldonovani;ENSP00000384144_XP_003862230.1;0,784;0,808;0,778;58,301
158;Ldonovani;ENSP00000404042_XP_003864767.1;0,284;0,428;0,248;76,057
159;Ldonovani;ENSP00000421592_XP_003865434.1;0,6994;0,725;0,693;77,321
160;Ldonovani;ENSP00000462972_XP_003862223.1;0,3284;0,614;0,257;92,412
161;C_Parvum;ENSP00000264382-PF00088_XP_627049.1-PF01055;0,5566;0,675;0,527;60,463
162;C_Parvum;ENSP00000264382-PF01055_XP_627049.1-PF01055;0,7306;0,805;0,712;83,015
163;C_Parvum;ENSP00000264382-PF01055_XP_627049.1-PF13802;0,3752;0,868;0,252;89,396
164;C_Parvum;ENSP00000295688_XP_628483.1;0,7496;0,78;0,742;84,488
165;C_Parvum;ENSP00000300289-PF13848_XP_625352.1-PF00085;0,485;0,669;0,439;85,072
166;C_Parvum;ENSP00000300289-PF13848_XP_625352.1-PF13848;0,6908;0,734;0,68;84,428
167;C_Parvum;ENSP00000325875-PF00183_XP_628530.1-PF00183;0,3256;0,68;0,237;73,583
168;C_Parvum;ENSP00000325875-PF02518_XP_628530.1-PF00183;0,336;0,68;0,25;67,624
169;C_Parvum;ENSP00000325875-PF02518_XP_628530.1-PF02518;0,729;0,769;0,719;81,39
170;C_Parvum;ENSP00000340466-PF13802_XP_627049.1-PF01055;0,7804;0,782;0,78;76,587
171;Tspiralis;ENSP00000215071_EFV54008;0,2368;0,548;0,159;73,968
172;Tspiralis;ENSP00000233893_EFV60556;0,2066;0,653;0,095;80,664
173;Tspiralis;ENSP00000258091_EFV60556;0,7994;0,825;0,793;85,02
174;Tspiralis;ENSP00000322419_EFV55619;0,1422;0,363;0,087;69,963
175;Tspiralis;ENSP00000346088_EFV55619;0,1734;0,487;0,095;84,985
176;Tspiralis;ENSP00000393393_EFV55619;0,1286;0,459;0,046;90,738
177;Tspiralis;ENSP00000396937_EFV54008;0,8378;0,805;0,846;91,755
178;Tgondii;ENSP00000044462_TGME49_090010;0,3752;0,58;0,324;84,688
179;Tgondii;ENSP00000157812_TGME49_090010;0,2546;0,601;0,168;78,256
180;Tgondii;ENSP00000215832_TGME49_001130;0,3068;0,71;0,206;83,14
181;Tgondii;ENSP00000216373_TGME49_001130;0,3902;0,695;0,314;84,103
182;Tgondii;ENSP00000219255_TGME49_001130;0,2898;0,397;0,263;64,843
183;Tgondii;ENSP00000225426_TGME49_090010;0,756;0,82;0,74;92,119
184;Tgondii;ENSP00000227378_TGME49_111720;0,8002;0,813;0,797;86,917
185;Tgondii;ENSP00000244741_TGME49_001130;0,689;0,769;0,669;81,188
186;Tgondii;ENSP00000249071_TGME49_001130;0,5062;0,723;0,452;86,779
187;Tgondii;ENSP00000249356_TGME49_111720;0,891;0,795;0,915;89,737
188;Tgondii;ENSP00000253401_TGME49_001130;0,4046;0,555;0,367;81,539
189;Tgondii;ENSP00000279022_TGME49_001130;0,239;0,555;0,16;64,437
190;Tgondii;ENSP00000304697_TGME49_051640;0,4146;0,501;0,393;86,108
191;Tgondii;ENSP00000306397_TGME49_046540;0,5596;0,61;0,547;77,775
192;Tgondii;ENSP00000307786_TGME49_046540;0,8294;0,835;0,828;90,896
193;Tgondii;ENSP00000309565_TGME49_046540;0,8706;0,861;0,873;92,814
194;Tgondii;ENSP00000309871_TGME49_001130;0,7392;0,828;0,717;86,437
195;Tgondii;ENSP00000317159_TGME49_046540;0,6392;0,764;0,608;91,427
196;Tgondii;ENSP00000354554_TGME49_046540;0,8788;0,91;0,871;95,645
197;Tgondii;ENSP00000358931_TGME49_008820;0,9182;0,835;0,939;79,586
198;Tgondii;ENSP00000367934_TGME49_046540;0,2592;0,656;0,16;76,358
199;Tgondii;ENSP00000369456_TGME49_002300;0,898;0,91;0,895;94,086
200;Tgondii;ENSP00000369860_TGME49_118160;0,3844;0,434;0,372;74,949
201;Tgondii;ENSP00000384211_TGME49_090010;0,6048;0,792;0,558;83,409
202;Tgondii;ENSP00000388107_TGME49_050810;0,1558;0,383;0,099;70,033
203;Tbrucei;ENSP00000252725_EAN78692;0,8262;0,839;0,823;96,08
204;Tbrucei;ENSP00000256001_EAN78692;0,4162;0,873;0,302;89,273
205;Tbrucei;ENSP00000258052_AAZ11482;0,4134;0,659;0,352;84,667
206;Tbrucei;ENSP00000311028_EAN76659;0,1638;0,223;0,149;80,293
207;Tbrucei;ENSP00000311430_EAN76659;0,6738;0,725;0,661;83,232
208;Tbrucei;ENSP00000323856_EAN76659;0,1554;0,461;0,079;78,85
209;Tbrucei;ENSP00000339095_EAN76659;0,1572;0,594;0,048;82,009
210;Tbrucei;ENSP00000341885_EAN76659;0,2188;0,478;0,154;69,212
211;Tbrucei;ENSP00000346067_EAN76659;0,2814;0,671;0,184;79,551
212;Tbrucei;ENSP00000352918_EAN78692;0,4452;0,71;0,379;75,319
213;Tbrucei;ENSP00000360034_EAN76659;0,2236;0,39;0,182;50,893
214;Tbrucei;ENSP00000362744_EAN76659;0,328;0,5;0,285;70,84
215;Tbrucei;ENSP00000380427_EAN78692;0,3224;0,56;0,263;55,337
216;Tbrucei;ENSP00000389103_AAZ10133;0,3116;0,606;0,238;78,891
217;Tbrucei;ENSP00000421280_EAN78692;0,3284;0,698;0,236;75,158
218;Smansoni;ENSP00000226730_Smp_171460__mRNA;0,2836;0,486;0,233;77,559
219;Smansoni;ENSP00000228434_Smp_171460__mRNA;0,2322;0,461;0,175;81,902
220;Smansoni;ENSP00000234071_Smp_089670__mRNA;0,3044;0,602;0,23;76,683
221;Smansoni;ENSP00000244601_Smp_035980__mRNA;0,861;0,589;0,929;58,713
222;Smansoni;ENSP00000262262_Smp_171460__mRNA;0,2268;0,442;0,173;80,079
223;Smansoni;ENSP00000264690_Smp_089670__mRNA;0,2456;0,532;0,174;79,319
224;Smansoni;ENSP00000297185_Smp_049550__mRNA;0,7038;0,743;0,694;83,974
225;Smansoni;ENSP00000300289_Smp_056760__mRNA;0,2198;0,455;0,161;86,876
226;Smansoni;ENSP00000302648_Smp_171460__mRNA;0,2512;0,516;0,185;80,162
227;Smansoni;ENSP00000327801_Smp_056760__mRNA;0,2284;0,422;0,18;85,666
228;Smansoni;ENSP00000339007_Smp_171460__mRNA;0,2266;0,461;0,168;78,492
229;Smansoni;ENSP00000340466_Smp_018760__mRNA;0,2388;0,634;0,14;89,985
230;Smansoni;ENSP00000348924_Smp_035980__mRNA;0,8654;0,591;0,934;59,905
231;Smansoni;ENSP00000353074_Smp_035980__mRNA;0,8654;0,591;0,934;59,905
232;Smansoni;ENSP00000365991_Smp_049550__mRNA;0,6064;0,56;0,618;86,881
233;Smansoni;ENSP00000366962_Smp_035980__mRNA;0,858;0,582;0,927;58,78
234;Smansoni;ENSP00000369081_Smp_056760__mRNA;0,2084;0,478;0,141;82,782
235;Pvivax;ENSP00000054666_PVX_003985;0,5992;0,564;0,608;78,133
236;Pvivax;ENSP00000215730_PVX_003985;0,6414;0,563;0,661;69,654
237;Pvivax;ENSP00000223641_PVX_003950;0,4936;0,54;0,482;60,377
238;Pvivax;ENSP00000227378_PVX_099315;0,7548;0,774;0,75;85,125
239;Pvivax;ENSP00000249356_PVX_099315;0,9092;0,854;0,923;91,874
240;Pvivax;ENSP00000249647_PVX_003985;0,6468;0,67;0,641;71,109
241;Pvivax;ENSP00000255194_PVX_113995;0,2182;0,427;0,166;66,14
242;Pvivax;ENSP00000259469_PVX_003950;0,3142;0,443;0,282;68,842
243;Pvivax;ENSP00000261558_PVX_113995;0,5774;0,607;0,57;68,785
244;Pvivax;ENSP00000262061_PVX_113995;0,8738;0,721;0,912;70,612
245;Pvivax;ENSP00000263354_PVX_003985;0,3514;0,593;0,291;81,837
246;Pvivax;ENSP00000287022_PVX_117325;0,4112;0,664;0,348;80,708
247;Pvivax;ENSP00000294179_PVX_003985;0,7006;0,715;0,697;74,561
248;Pvivax;ENSP00000304697_PVX_119710;0,338;0,446;0,311;79,689
249;Pvivax;ENSP00000317159_PVX_117325;0,7248;0,788;0,709;89,702
250;Pvivax;ENSP00000332887_PVX_117325;0,7876;0,854;0,771;90,148
251;Pvivax;ENSP00000354554_PVX_117325;0,8728;0,908;0,864;94,555
252;Pvivax;ENSP00000358126_PVX_003985;0,6152;0,776;0,575;81,357
253;Pvivax;ENSP00000367934_PVX_117325;0,2518;0,623;0,159;72,174
254;Pvivax;ENSP00000389103_PVX_003950;0,1452;0,418;0,077;68,459
255;Pknowlesi;ENSP00000054666_PKH_040940;0,6126;0,563;0,625;79,106
256;Pknowlesi;ENSP00000215730_PKH_040940;0,6642;0,629;0,673;71,174
257;Pknowlesi;ENSP00000223641_PKH_041010;0,4866;0,529;0,476;59,638
258;Pknowlesi;ENSP00000227378_PKH_071520;0,7474;0,777;0,74;85,917
259;Pknowlesi;ENSP00000249356_PKH_071520;0,9098;0,833;0,929;91,099
260;Pknowlesi;ENSP00000249647_PKH_040940;0,604;0,648;0,593;66,544
261;Pknowlesi;ENSP00000259469_PKH_041010;0,2886;0,427;0,254;67,117
262;Pknowlesi;ENSP00000261558_PKH_040280;0,69;0,79;0,665;86,614
263;Pknowlesi;ENSP00000262061_PKH_040280;0,2818;0,713;0,174;79,603
264;Pknowlesi;ENSP00000263354_PKH_040940;0,4562;0,637;0,411;81,905
265;Pknowlesi;ENSP00000277865_PKH_131960;0,5476;0,71;0,507;94,225
266;Pknowlesi;ENSP00000287022_PKH_124300;0,4416;0,672;0,384;81,436
267;Pknowlesi;ENSP00000294179_PKH_040940;0,7272;0,732;0,726;75,752
268;Pknowlesi;ENSP00000304697_PKH_123930;0,1772;0,478;0,102;81,721
269;Pknowlesi;ENSP00000317159_PKH_124300;0,7338;0,793;0,719;89,41
270;Pknowlesi;ENSP00000354554_PKH_124300;0,8776;0,912;0,869;94,924
271;Pknowlesi;ENSP00000358126_PKH_040940;0,6148;0,778;0,574;81,689
272;Pknowlesi;ENSP00000389103_PKH_041010;0,1402;0,417;0,071;67,492
273;Lbraziliensis;ENSP00000227378_XP_001566161.1;0,733;0,777;0,722;85,448
274;Lbraziliensis;ENSP00000247461_XP_001567285.2;0,6076;0,686;0,588;88,712
275;Lbraziliensis;ENSP00000320866_XP_001567285.2;0,2926;0,563;0,225;87,235
276;Lbraziliensis;ENSP00000357998_XP_001566161.1;0,8854;0,831;0,899;90,453
;;;;;;
;;;;;;
;;;;;;
;;;;;;
;;;;;;
;;;;;;
;;;;;;
;;;;;;
;;;;;;
;;;;;;
;;;;;;
;;;;;;
;;;;;;
;;;;;;
;;;;;;
;;;;;;
;;;;;;
;;;;;;
;;;;;;
;;;;;;
;;;;;;
;;;;;;
;;;;;;
;;;;;;
;;;;;;
;;;;;;
;;;;;;
;;;;;;
;;;;;;
;;;;;;
;;;;;;
;;;;;;
;;;;;;
;;;;;;
;;;;;;
;;;;;;
;;;;;;
;;;;;;
;;;;;;
;;;;;;
;;;;;;
;;;;;;
;;;;;;
;;;;;;
;;;;;;
;;;;;;
;;;;;;
;;;;;;
;;;;;;
;;;;;;
;;;;;;
;;;;;;
;;;;;;
;;;;;;
;;;;;;
;;;;;;
;;;;;;
;;;;;;
;;;;;;
;;;;;;
;;;;;;
;;;;;;
;;;;;;
;;;;;;
;;;;;;
;;;;;;
;;;;;;
;;;;;;
;;;;;;
;;;;;;
;;;;;;
;;;;;;
;;;;;;
;;;;;;
;;;;;;
;;;;;;
;;;;;;
;;;;;;
;;;;;;
;;;;;;
;;;;;;
;;;;;;
;;;;;;
;;;;;;
;;;;;;
;;;;;;
;;;;;;
;;;;;;
;;;;;;
;;;;;;
;;;;;;
;;;;;;
;;;;;;
;;;;;;
;;;;;;
;;;;;;
;;;;;;
;;;;;;
;;;;;;
;;;;;;
;;;;;;
;;;;;;
;;;;;;
;;;;;;
;;;;;;
;;;;;;
;;;;;;
;;;;;;
;;;;;;
;;;;;;
;;;;;;
;;;;;;
;;;;;;
;;;;;;
;;;;;;
;;;;;;
;;;;;;
;;;;;;
;;;;;;
;;;;;;
;;;;;;
;;;;;;
;;;;;;
;;;;;;
;;;;;;
;;;;;;
;;;;;;
;;;;;;
;;;;;;
;;;;;;
;;;;;;
;;;;;;
;;;;;;
;;;;;;
;;;;;;
;;;;;;
;;;;;;
;;;;;;
;;;;;;
;;;;;;
;;;;;;
;;;;;;
;;;;;;
;;;;;;
;;;;;;
;;;;;;
;;;;;;
;;;;;;
;;;;;;
;;;;;;
;;;;;;
;;;;;;
;;;;;;
;;;;;;
;;;;;;
;;;;;;
;;;;;;
;;;;;;
;;;;;;
;;;;;;
;;;;;;
;;;;;;
;;;;;;
;;;;;;
;;;;;;
;;;;;;
;;;;;;
;;;;;;
;;;;;;
;;;;;;
;;;;;;
;;;;;;
;;;;;;
;;;;;;
;;;;;;
;;;;;;
;;;;;;
;;;;;;
;;;;;;
;;;;;;
;;;;;;
;;;;;;
;;;;;;
;;;;;;
;;;;;;
;;;;;;
;;;;;;
;;;;;;
;;;;;;
;;;;;;
;;;;;;
;;;;;;
;;;;;;
;;;;;;
;;;;;;
;;;;;;
;;;;;;
;;;;;;
;;;;;;
;;;;;;
;;;;;;
;;;;;;
;;;;;;
;;;;;;
;;;;;;
;;;;;;
;;;;;;
;;;;;;
;;;;;;
;;;;;;
;;;;;;
;;;;;;
;;;;;;
;;;;;;
;;;;;;
;;;;;;
;;;;;;
;;;;;;
;;;;;;
;;;;;;
;;;;;;
;;;;;;
;;;;;;
;;;;;;
;;;;;;
;;;;;;
;;;;;;
;;;;;;
;;;;;;
;;;;;;
;;;;;;
;;;;;;
;;;;;;
;;;;;;
;;;;;;
;;;;;;
;;;;;;
;;;;;;
;;;;;;
;;;;;;
;;;;;;
;;;;;;
;;;;;;
;;;;;;
;;;;;;
;;;;;;
;;;;;;
;;;;;;
;;;;;;
;;;;;;
;;;;;;
;;;;;;
;;;;;;
;;;;;;
;;;;;;
;;;;;;
;;;;;;
;;;;;;
;;;;;;
;;;;;;
;;;;;;
;;;;;;
;;;;;;
;;;;;;
;;;;;;
;;;;;;
;;;;;;
;;;;;;
;;;;;;
;;;;;;
;;;;;;
;;;;;;
;;;;;;
;;;;;;
;;;;;;
;;;;;;
;;;;;;
;;;;;;
;;;;;;
;;;;;;
;;;;;;
;;;;;;
;;;;;;
;;;;;;
;;;;;;
;;;;;;
;;;;;;
;;;;;;
;;;;;;
;;;;;;
;;;;;;
;;;;;;
;;;;;;
;;;;;;
;;;;;;
;;;;;;
;;;;;;
;;;;;;
;;;;;;
;;;;;;
;;;;;;
;;;;;;
;;;;;;
;;;;;;
;;;;;;
;;;;;;
;;;;;;
;;;;;;
;;;;;;
;;;;;;
;;;;;;
;;;;;;
;;;;;;
;;;;;;
;;;;;;
;;;;;;
;;;;;;
;;;;;;
;;;;;;
;;;;;;
;;;;;;
;;;;;;
;;;;;;
;;;;;;
;;;;;;
;;;;;;
;;;;;;
;;;;;;
;;;;;;
;;;;;;
;;;;;;
;;;;;;
;;;;;;
;;;;;;
;;;;;;
;;;;;;
;;;;;;
;;;;;;
;;;;;;
;;;;;;
;;;;;;
;;;;;;
;;;;;;
;;;;;;
;;;;;;
;;;;;;
;;;;;;
;;;;;;
;;;;;;
;;;;;;
;;;;;;
;;;;;;
;;;;;;
;;;;;;
;;;;;;
;;;;;;
;;;;;;
;;;;;;
;;;;;;
;;;;;;
;;;;;;
;;;;;;
;;;;;;
;;;;;;
;;;;;;
;;;;;;
;;;;;;
;;;;;;
;;;;;;
;;;;;;
;;;;;;
;;;;;;
;;;;;;
;;;;;;
;;;;;;
;;;;;;
;;;;;;
;;;;;;
;;;;;;
;;;;;;
;;;;;;
;;;;;;
;;;;;;
;;;;;;
;;;;;;
;;;;;;
;;;;;;
;;;;;;
;;;;;;
;;;;;;
;;;;;;
;;;;;;
;;;;;;
;;;;;;
;;;;;;
;;;;;;
;;;;;;
;;;;;;
;;;;;;
;;;;;;
;;;;;;
;;;;;;
;;;;;;
;;;;;;
;;;;;;
;;;;;;
;;;;;;
;;;;;;
;;;;;;
;;;;;;
;;;;;;
;;;;;;
;;;;;;
;;;;;;
;;;;;;
;;;;;;
;;;;;;
;;;;;;
;;;;;;
;;;;;;
;;;;;;
;;;;;;
;;;;;;
;;;;;;
;;;;;;
;;;;;;
;;;;;;
;;;;;;
;;;;;;
;;;;;;
;;;;;;
;;;;;;
;;;;;;
;;;;;;
;;;;;;
;;;;;;
;;;;;;
;;;;;;
;;;;;;
;;;;;;
;;;;;;
;;;;;;
;;;;;;
;;;;;;
;;;;;;
;;;;;;
;;;;;;
;;;;;;
;;;;;;
;;;;;;
;;;;;;
;;;;;;
;;;;;;
;;;;;;
;;;;;;
;;;;;;
;;;;;;
;;;;;;
;;;;;;
;;;;;;
;;;;;;
;;;;;;
;;;;;;
;;;;;;
;;;;;;
;;;;;;
;;;;;;
;;;;;;
;;;;;;
;;;;;;
;;;;;;
;;;;;;
;;;;;;
;;;;;;
;;;;;;
;;;;;;
;;;;;;
;;;;;;
;;;;;;
;;;;;;
;;;;;;
;;;;;;
;;;;;;
;;;;;;
;;;;;;
;;;;;;
;;;;;;
;;;;;;
;;;;;;
;;;;;;
;;;;;;
;;;;;;
;;;;;;
;;;;;;
;;;;;;
;;;;;;
;;;;;;
;;;;;;
;;;;;;
;;;;;;
;;;;;;
;;;;;;
;;;;;;
;;;;;;
;;;;;;
;;;;;;
;;;;;;
;;;;;;
;;;;;;
;;;;;;
;;;;;;
;;;;;;
;;;;;;
;;;;;;
;;;;;;
;;;;;;
;;;;;;
;;;;;;
;;;;;;
;;;;;;
;;;;;;
;;;;;;
;;;;;;
;;;;;;
;;;;;;
;;;;;;
;;;;;;
;;;;;;
;;;;;;
;;;;;;
;;;;;;
;;;;;;
;;;;;;
;;;;;;
;;;;;;
;;;;;;
;;;;;;
;;;;;;
;;;;;;
;;;;;;
;;;;;;
;;;;;;
;;;;;;
;;;;;;
;;;;;;
;;;;;;
;;;;;;
;;;;;;
;;;;;;
;;;;;;
;;;;;;
;;;;;;
;;;;;;
;;;;;;
;;;;;;
;;;;;;
;;;;;;
;;;;;;
;;;;;;
;;;;;;
;;;;;;
;;;;;;
;;;;;;
;;;;;;
;;;;;;
;;;;;;
;;;;;;
;;;;;;
;;;;;;
;;;;;;
;;;;;;
;;;;;;
;;;;;;
;;;;;;
;;;;;;
;;;;;;
;;;;;;
;;;;;;
;;;;;;
;;;;;;
;;;;;;
;;;;;;
;;;;;;
;;;;;;
;;;;;;
;;;;;;
;;;;;;
;;;;;;
;;;;;;
;;;;;;
;;;;;;
;;;;;;
;;;;;;
;;;;;;
;;;;;;
;;;;;;
;;;;;;
;;;;;;
;;;;;;
;;;;;;
;;;;;;
;;;;;;
;;;;;;
;;;;;;
;;;;;;
;;;;;;
;;;;;;
;;;;;;
;;;;;;
;;;;;;
;;;;;;
;;;;;;
;;;;;;
;;;;;;
;;;;;;
;;;;;;
;;;;;;
;;;;;;
;;;;;;
;;;;;;
;;;;;;
;;;;;;
;;;;;;
;;;;;;
;;;;;;
;;;;;;
;;;;;;
;;;;;;
;;;;;;
;;;;;;
;;;;;;
;;;;;;
;;;;;;
;;;;;;
;;;;;;
;;;;;;
;;;;;;
;;;;;;
;;;;;;
;;;;;;
;;;;;;
;;;;;;
;;;;;;
;;;;;;
;;;;;;
;;;;;;
;;;;;;
;;;;;;
;;;;;;
;;;;;;
;;;;;;
;;;;;;
;;;;;;
;;;;;;
;;;;;;
;;;;;;
;;;;;;
;;;;;;
;;;;;;
;;;;;;
;;;;;;
;;;;;;
;;;;;;
;;;;;;
;;;;;;
;;;;;;
;;;;;;
;;;;;;
;;;;;;
;;;;;;
;;;;;;
;;;;;;
;;;;;;
;;;;;;
;;;;;;
;;;;;;
;;;;;;
;;;;;;
;;;;;;
;;;;;;
;;;;;;
;;;;;;
;;;;;;
;;;;;;
;;;;;;
;;;;;;
;;;;;;
;;;;;;
;;;;;;
;;;;;;
;;;;;;
;;;;;;
;;;;;;
;;;;;;
;;;;;;
;;;;;;
;;;;;;
;;;;;;
;;;;;;
;;;;;;
;;;;;;
;;;;;;
;;;;;;
;;;;;;
;;;;;;
;;;;;;
;;;;;;
;;;;;;
;;;;;;
;;;;;;
;;;;;;
;;;;;;
;;;;;;
;;;;;;
;;;;;;
;;;;;;
;;;;;;
;;;;;;
;;;;;;
;;;;;;